timestamp,event,poly_price,bf_odds,ev_net,sentiment,result_15min,latency_ms,gas_pc,drift,tokens_cost,volatility_tag
2026-02-06T18:22:44.037569,Greuther Furth v FC Magdeburg,0.225,4.6,124.29%,0.5,PENDING,0.00,0.01%,0.00,0.00200,NORMAL
2026-02-06T18:22:54.261087,Fulham v Everton,0.255,4.0,96.54%,0.5,PENDING,0.00,0.01%,0.00,0.00200,NORMAL
2026-02-06T18:22:56.603456,Memphis Grizzlies @ Portland Trail Blazers,0.285,5.1,106.49%,0.5,PENDING,0.00,0.01%,0.00,0.00200,NORMAL
2026-02-06T18:22:59.685416,Atalanta v US Cremonese,0.1,10.5,407.63%,0.5,PENDING,0.00,0.00%,0.00,0.00200,NORMAL
2026-02-06T18:22:59.787580,Angers v Toulouse,0.305,3.35,64.54%,0.5,PENDING,0.00,0.02%,0.00,0.00200,NORMAL
2026-02-06T18:23:03.360018,Verona v Pisa,0.315,3.25,59.49%,0.5,PENDING,0.00,0.02%,0.00,0.00200,NORMAL
2026-02-06T18:23:04.322160,Nice v Monaco,0.25,4.1,100.95%,0.5,PENDING,0.00,0.01%,0.00,0.00200,NORMAL
2026-02-06T18:23:10.042398,Barcelona v Mallorca,0.055,19.5,832.19%,0.5,PENDING,0.00,0.00%,0.00,0.00200,NORMAL
2026-02-06T18:23:13.464845,Mainz v Augsburg,0.265,3.8,87.94%,0.5,PENDING,0.00,0.01%,0.00,0.00200,NORMAL
2026-02-06T18:23:17.316550,Elversberg v Hertha Berlin,0.45,2.3,12.39%,0.5,PENDING,0.00,0.08%,0.00,0.00200,NORMAL
2026-02-06T18:23:23.524415,Fortuna Sittard v Sparta Rotterdam,0.285,3.75,79.97%,0.5,PENDING,0.00,0.01%,0.00,0.00200,NORMAL
2026-02-06T18:23:28.308651,NAC Breda v Excelsior,0.21,5.0,141.98%,0.5,PENDING,0.00,0.01%,0.00,0.00200,NORMAL
2026-02-06T18:23:30.485432,Al-Kholood Club v Al-Shabab (KSA),0.245,5.3,128.94%,0.5,PENDING,0.00,0.01%,0.00,0.00200,NORMAL
2026-02-06T18:23:37.328994,Union Berlin v Eintracht Frankfurt,0.455,2.22,9.84%,0.5,PENDING,0.00,0.10%,0.00,0.00200,NORMAL
2026-02-06T18:23:39.432667,Auxerre v Paris FC,0.325,3.2,55.80%,0.5,PENDING,0.00,0.02%,0.00,0.00200,NORMAL
2026-02-06T18:23:39.664648,Roma v Cagliari,0.235,4.5,117.05%,0.5,PENDING,0.00,0.01%,0.00,0.00200,NORMAL
2026-02-06T18:23:40.092921,Burnley v West Ham,0.275,3.75,83.27%,0.5,PENDING,0.00,0.01%,0.00,0.00200,NORMAL
2026-02-06T18:23:53.174032,St Etienne v Montpellier,0.24,4.6,116.99%,0.5,PENDING,0.00,0.01%,0.00,0.00200,NORMAL
2026-02-06T18:23:53.918859,Real Sociedad v Elche,0.235,4.3,112.23%,0.5,PENDING,0.00,0.01%,0.00,0.00200,NORMAL
2026-02-06T18:24:18.309460,Mantova v SSD Bari,0.235,4.4,114.67%,0.5,PENDING,0.00,0.01%,0.00,0.00200,NORMAL
2026-02-06T18:24:23.341147,Burnley v West Ham,0.295,3.45,69.77%,0.5,PENDING,0.00,0.01%,0.00,0.00200,NORMAL
2026-02-06T18:24:27.999953,Teplice v MFK Karvina,0.385,2.72,32.04%,0.5,PENDING,0.00,0.03%,0.00,0.00200,NORMAL
2026-02-06T18:24:35.490932,Al Nassr v Al-Ittihad,0.185,6.0,182.09%,0.5,PENDING,0.00,0.01%,0.00,0.00200,NORMAL
2026-02-06T18:24:56.254184,Braga v Rio Ave,0.14,9.0,295.07%,0.5,PENDING,0.00,0.00%,0.00,0.00200,NORMAL
2026-02-06T18:25:02.094298,Fiorentina v Torino,0.255,4.0,96.54%,0.5,PENDING,0.00,0.01%,0.00,0.00200,NORMAL
2026-02-06T18:25:05.278781,Audax Italiano v Univ de Concepcion,0.295,3.5,70.98%,0.5,PENDING,0.00,0.01%,0.00,0.00200,NORMAL
2026-02-06T18:25:10.806577,Fatih Karagumruk Istanbul v Antalyaspor,0.305,3.35,64.54%,0.5,PENDING,0.00,0.02%,0.00,0.00200,NORMAL
2026-02-06T18:25:11.837559,Anadolu Efes SK v BC Zalgiris Kaunas,0.455,2.5,16.30%,0.5,PENDING,0.00,0.06%,0.00,0.00200,NORMAL
2026-02-06T18:25:11.940329,Las Palmas v Burgos,0.29,3.5,72.46%,0.5,PENDING,0.00,0.01%,0.00,0.00200,NORMAL
2026-02-06T18:25:16.915308,FC Koln v RB Leipzig,0.475,2.16,6.05%,0.5,PENDING,0.00,0.17%,0.00,0.00200,NORMAL
2026-02-06T18:25:23.870179,St Pauli v Stuttgart,0.255,3.95,95.31%,0.5,PENDING,0.00,0.01%,0.00,0.00200,NORMAL
2026-02-06T18:25:37.825445,Genoa v Napoli,0.205,5.0,144.95%,0.5,PENDING,0.00,0.01%,0.00,0.00200,NORMAL
2026-02-06T18:25:45.787370,Aldosivi v Rosario Central,0.445,2.32,13.51%,0.5,PENDING,0.00,0.07%,0.00,0.00200,NORMAL
2026-02-06T18:44:12.537489,Fulham v Everton,0.255,4.0,96.54%,0.5,PENDING,0.00,0.01%,0.00,0.00200,NORMAL
2026-02-06T18:44:13.938534,Atalanta v US Cremonese,0.1,10.5,407.63%,0.5,PENDING,0.00,0.00%,0.00,0.00200,NORMAL
2026-02-06T18:44:14.020270,Memphis Grizzlies @ Portland Trail Blazers,0.285,5.2,108.13%,0.5,PENDING,0.00,0.01%,0.00,0.00200,NORMAL
2026-02-06T18:44:14.424093,Angers v Toulouse,0.31,3.35,63.20%,0.5,PENDING,0.00,0.02%,0.00,0.00200,NORMAL
2026-02-06T18:44:15.780241,Verona v Pisa,0.315,3.3,60.69%,0.5,PENDING,0.00,0.02%,0.00,0.00200,NORMAL
2026-02-06T18:44:16.230396,Nice v Monaco,0.25,4.2,103.34%,0.5,PENDING,0.00,0.01%,0.00,0.00200,NORMAL
2026-02-06T18:44:18.364334,Barcelona v Mallorca,0.055,19.0,820.40%,0.5,PENDING,0.00,0.00%,0.00,0.00200,NORMAL
2026-02-06T18:44:18.833249,Mainz v Augsburg,0.265,3.85,89.16%,0.5,PENDING,0.00,0.01%,0.00,0.00200,NORMAL
2026-02-06T18:44:20.364913,Elversberg v Hertha Berlin,0.45,2.3,12.39%,0.5,PENDING,0.00,0.08%,0.00,0.00200,NORMAL
2026-02-06T18:44:21.877342,Le Havre v Strasbourg,0.22,4.7,129.27%,0.5,PENDING,0.00,0.01%,0.00,0.00200,NORMAL
2026-02-06T18:44:25.130354,Fortuna Sittard v Sparta Rotterdam,0.285,3.75,79.97%,0.5,PENDING,0.00,0.01%,0.00,0.00200,NORMAL
2026-02-06T18:44:27.391896,NAC Breda v Excelsior,0.21,5.0,141.98%,0.5,PENDING,0.00,0.01%,0.00,0.00200,NORMAL
2026-02-06T18:44:29.082446,Al-Kholood Club v Al-Shabab (KSA),0.245,5.3,128.94%,0.5,PENDING,0.00,0.01%,0.00,0.00200,NORMAL
2026-02-06T18:44:29.587790,Real Sociedad v Elche,0.235,4.3,112.23%,0.5,PENDING,0.00,0.01%,0.00,0.00200,NORMAL
2026-02-06T18:44:31.129479,Union Berlin v Eintracht Frankfurt,0.455,2.22,9.84%,0.5,PENDING,0.00,0.10%,0.00,0.00200,NORMAL
2026-02-06T18:44:32.316092,Auxerre v Paris FC,0.325,3.2,55.80%,0.5,PENDING,0.00,0.02%,0.00,0.00200,NORMAL
2026-02-06T18:44:32.495146,Roma v Cagliari,0.235,4.5,117.05%,0.5,PENDING,0.00,0.01%,0.00,0.00200,NORMAL
2026-02-06T18:44:32.582911,Burnley v West Ham,0.275,3.75,83.27%,0.5,PENDING,0.00,0.01%,0.00,0.00200,NORMAL
2026-02-06T18:44:40.804285,St Etienne v Montpellier,0.24,4.6,116.99%,0.5,PENDING,0.00,0.01%,0.00,0.00200,NORMAL
2026-02-06T18:44:42.415692,Mantova v SSD Bari,0.235,4.4,114.67%,0.5,PENDING,0.00,0.01%,0.00,0.00200,NORMAL
2026-02-06T18:44:43.526557,Burnley v West Ham,0.295,3.45,69.77%,0.5,PENDING,0.00,0.01%,0.00,0.00200,NORMAL
2026-02-06T18:44:45.490247,Teplice v MFK Karvina,0.385,2.72,32.04%,0.5,PENDING,0.00,0.03%,0.00,0.00200,NORMAL
2026-02-06T18:44:51.226941,Braga v Rio Ave,0.14,9.0,295.07%,0.5,PENDING,0.00,0.00%,0.00,0.00200,NORMAL
2026-02-06T18:44:52.621002,Fiorentina v Torino,0.255,4.0,96.54%,0.5,PENDING,0.00,0.01%,0.00,0.00200,NORMAL
2026-02-06T18:44:53.779152,Audax Italiano v Univ de Concepcion,0.295,3.5,70.98%,0.5,PENDING,0.00,0.01%,0.00,0.00200,NORMAL
2026-02-06T18:44:55.326136,Fatih Karagumruk Istanbul v Antalyaspor,0.305,3.35,64.54%,0.5,PENDING,0.00,0.02%,0.00,0.00200,NORMAL
2026-02-06T18:44:55.580284,Las Palmas v Burgos,0.29,3.5,72.46%,0.5,PENDING,0.00,0.01%,0.00,0.00200,NORMAL
2026-02-06T18:44:57.280065,FC Koln v RB Leipzig,0.485,2.16,4.93%,0.5,PENDING,0.00,0.20%,0.00,0.00200,NORMAL
2026-02-06T18:44:59.951491,St Pauli v Stuttgart,0.255,3.95,95.31%,0.5,PENDING,0.00,0.01%,0.00,0.00200,NORMAL
2026-02-06T18:45:00.159447,Indiana Pacers @ Milwaukee Bucks,0.505,2.06,0.45%,0.5,PENDING,0.00,2.20%,0.00,0.00200,NORMAL
2026-02-06T18:45:01.780154,Genoa v Napoli,0.205,5.0,144.95%,0.5,PENDING,0.00,0.01%,0.00,0.00200,NORMAL
2026-02-06T18:45:03.533143,Aldosivi v Rosario Central,0.445,2.32,13.51%,0.5,PENDING,0.00,0.07%,0.00,0.00200,NORMAL
2026-02-06T18:45:06.447662,Freiburg v Werder Bremen,0.255,4.1,98.95%,0.5,PENDING,0.00,0.01%,0.00,0.00200,NORMAL
2026-02-06T18:46:11.144177,Fulham v Everton,0.255,4.0,96.54%,0.5,PENDING,0.00,0.01%,0.00,0.00200,NORMAL
2026-02-06T18:46:12.560527,Atalanta v US Cremonese,0.1,10.5,407.63%,0.5,PENDING,0.00,0.00%,0.00,0.00200,NORMAL
2026-02-06T18:46:12.660574,Memphis Grizzlies @ Portland Trail Blazers,0.285,5.2,108.13%,0.5,PENDING,0.00,0.01%,0.00,0.00200,NORMAL
2026-02-06T18:46:13.053211,Angers v Toulouse,0.31,3.35,63.20%,0.5,PENDING,0.00,0.02%,0.00,0.00200,NORMAL
2026-02-06T18:46:14.381920,Verona v Pisa,0.315,3.3,60.69%,0.5,PENDING,0.00,0.02%,0.00,0.00200,NORMAL
2026-02-06T18:46:14.801828,Nice v Monaco,0.25,4.2,103.34%,0.5,PENDING,0.00,0.01%,0.00,0.00200,NORMAL
2026-02-06T18:46:17.033351,Barcelona v Mallorca,0.055,19.0,820.40%,0.5,PENDING,0.00,0.00%,0.00,0.00200,NORMAL
2026-02-06T18:46:17.532830,Mainz v Augsburg,0.265,3.85,89.16%,0.5,PENDING,0.00,0.01%,0.00,0.00200,NORMAL
2026-02-06T18:46:19.281612,Elversberg v Hertha Berlin,0.45,2.3,12.39%,0.5,PENDING,0.00,0.08%,0.00,0.00200,NORMAL
2026-02-06T18:46:21.313805,Le Havre v Strasbourg,0.22,4.7,129.27%,0.5,PENDING,0.00,0.01%,0.00,0.00200,NORMAL
2026-02-06T18:46:27.136049,Fortuna Sittard v Sparta Rotterdam,0.285,3.75,79.97%,0.5,PENDING,0.00,0.01%,0.00,0.00200,NORMAL
2026-02-06T18:46:30.888432,NAC Breda v Excelsior,0.21,4.9,139.59%,0.5,PENDING,0.00,0.01%,0.00,0.00200,NORMAL
2026-02-06T18:46:32.671677,Al-Kholood Club v Al-Shabab (KSA),0.245,5.3,128.94%,0.5,PENDING,0.00,0.01%,0.00,0.00200,NORMAL
2026-02-06T18:46:33.295511,Real Sociedad v Elche,0.235,4.3,112.23%,0.5,PENDING,0.00,0.01%,0.00,0.00200,NORMAL
2026-02-06T18:46:35.196259,Union Berlin v Eintracht Frankfurt,0.455,2.22,9.84%,0.5,PENDING,0.00,0.10%,0.00,0.00200,NORMAL
2026-02-06T18:46:36.356734,Auxerre v Paris FC,0.325,3.2,55.80%,0.5,PENDING,0.00,0.02%,0.00,0.00200,NORMAL
2026-02-06T18:46:36.562054,Roma v Cagliari,0.235,4.5,117.05%,0.5,PENDING,0.00,0.01%,0.00,0.00200,NORMAL
2026-02-06T18:46:36.645634,Burnley v West Ham,0.275,3.75,83.27%,0.5,PENDING,0.00,0.01%,0.00,0.00200,NORMAL
2026-02-06T18:46:45.017683,St Etienne v Montpellier,0.24,4.6,116.99%,0.5,PENDING,0.00,0.01%,0.00,0.00200,NORMAL
2026-02-06T18:46:47.819881,Mantova v SSD Bari,0.235,4.4,114.67%,0.5,PENDING,0.00,0.01%,0.00,0.00200,NORMAL
2026-02-06T18:46:49.382235,Burnley v West Ham,0.295,3.45,69.77%,0.5,PENDING,0.00,0.01%,0.00,0.00200,NORMAL
2026-02-06T18:46:51.914264,Teplice v MFK Karvina,0.385,2.72,32.04%,0.5,PENDING,0.00,0.03%,0.00,0.00200,NORMAL
2026-02-06T18:47:12.174474,Braga v Rio Ave,0.14,9.0,295.07%,0.5,PENDING,0.00,0.00%,0.00,0.00200,NORMAL
2026-02-06T18:47:15.247454,Fiorentina v Torino,0.255,4.0,96.54%,0.5,PENDING,0.00,0.01%,0.00,0.00200,NORMAL
2026-02-06T18:47:17.232316,Audax Italiano v Univ de Concepcion,0.295,3.5,70.98%,0.5,PENDING,0.00,0.01%,0.00,0.00200,NORMAL
2026-02-06T18:47:20.238796,Fatih Karagumruk Istanbul v Antalyaspor,0.305,3.35,64.54%,0.5,PENDING,0.00,0.02%,0.00,0.00200,NORMAL
2026-02-06T18:47:20.651896,Las Palmas v Burgos,0.29,3.5,72.46%,0.5,PENDING,0.00,0.01%,0.00,0.00200,NORMAL
2026-02-06T18:47:22.837862,FC Koln v RB Leipzig,0.485,2.16,4.93%,0.5,PENDING,0.00,0.20%,0.00,0.00200,NORMAL
2026-02-06T18:47:25.934103,St Pauli v Stuttgart,0.255,3.95,95.31%,0.5,PENDING,0.00,0.01%,0.00,0.00200,NORMAL
2026-02-06T18:47:28.461760,Genoa v Napoli,0.205,5.0,144.95%,0.5,PENDING,0.00,0.01%,0.00,0.00200,NORMAL
2026-02-06T18:47:31.640563,Aldosivi v Rosario Central,0.445,2.32,13.51%,0.5,PENDING,0.00,0.07%,0.00,0.00200,NORMAL
2026-02-06T18:47:35.797242,Freiburg v Werder Bremen,0.255,4.1,98.95%,0.5,PENDING,0.00,0.01%,0.00,0.00200,NORMAL
2026-02-06T18:48:48.826995,Indiana Pacers @ Milwaukee Bucks,0.51,2.12,1.34%,0.5,PENDING,0.00,0.74%,0.00,0.00200,NORMAL
2026-02-06T18:49:01.376242,Fulham v Everton,0.255,4.0,96.54%,0.5,PENDING,0.00,0.01%,0.00,0.00200,NORMAL
2026-02-06T18:49:04.794968,Atalanta v US Cremonese,0.1,10.5,407.63%,0.5,PENDING,0.00,0.00%,0.00,0.00200,NORMAL
2026-02-06T18:49:04.904642,Memphis Grizzlies @ Portland Trail Blazers,0.285,5.2,108.13%,0.5,PENDING,0.00,0.01%,0.00,0.00200,NORMAL
2026-02-06T18:49:07.328661,Angers v Toulouse,0.31,3.35,63.20%,0.5,PENDING,0.00,0.02%,0.00,0.00200,NORMAL
2026-02-06T18:49:10.385475,Verona v Pisa,0.315,3.3,60.69%,0.5,PENDING,0.00,0.02%,0.00,0.00200,NORMAL
2026-02-06T18:49:12.262974,Nice v Monaco,0.25,4.2,103.34%,0.5,PENDING,0.00,0.01%,0.00,0.00200,NORMAL
2026-02-06T18:49:19.429711,Barcelona v Mallorca,0.055,19.0,820.40%,0.5,PENDING,0.00,0.00%,0.00,0.00200,NORMAL
2026-02-06T18:49:23.749293,Mainz v Augsburg,0.265,3.85,89.16%,0.5,PENDING,0.00,0.01%,0.00,0.00200,NORMAL
2026-02-06T18:49:28.142256,Elversberg v Hertha Berlin,0.45,2.3,12.39%,0.5,PENDING,0.00,0.08%,0.00,0.00200,NORMAL
2026-02-06T18:49:32.989834,Le Havre v Strasbourg,0.22,4.7,129.27%,0.5,PENDING,0.00,0.01%,0.00,0.00200,NORMAL
2026-02-06T18:49:42.345752,NAC Breda v Excelsior,0.215,4.9,136.75%,0.5,PENDING,0.00,0.01%,0.00,0.00200,NORMAL
2026-02-06T18:49:48.258604,Fortuna Sittard v Sparta Rotterdam,0.285,3.75,79.97%,0.5,PENDING,0.00,0.01%,0.00,0.00200,NORMAL
2026-02-06T18:50:10.058912,Al-Kholood Club v Al-Shabab (KSA),0.245,5.3,128.94%,0.5,PENDING,0.00,0.01%,0.00,0.00200,NORMAL
2026-02-06T18:50:12.911903,Real Sociedad v Elche,0.235,4.3,112.23%,0.5,PENDING,0.00,0.01%,0.00,0.00200,NORMAL
2026-02-06T18:50:17.504156,Union Berlin v Eintracht Frankfurt,0.455,2.22,9.84%,0.5,PENDING,0.00,0.10%,0.00,0.00200,NORMAL
2026-02-06T18:50:20.105928,Auxerre v Paris FC,0.325,3.2,55.80%,0.5,PENDING,0.00,0.02%,0.00,0.00200,NORMAL
2026-02-06T18:50:20.730686,Roma v Cagliari,0.235,4.5,117.05%,0.5,PENDING,0.00,0.01%,0.00,0.00200,NORMAL
2026-02-06T18:50:23.675057,Burnley v West Ham,0.275,3.75,83.27%,0.5,PENDING,0.00,0.01%,0.00,0.00200,NORMAL
2026-02-06T18:50:50.878172,St Etienne v Montpellier,0.24,4.6,116.99%,0.5,PENDING,0.00,0.01%,0.00,0.00200,NORMAL
2026-02-06T18:50:56.966420,Mantova v SSD Bari,0.235,4.4,114.67%,0.5,PENDING,0.00,0.01%,0.00,0.00200,NORMAL
2026-02-06T18:50:59.206577,Burnley v West Ham,0.295,3.45,69.77%,0.5,PENDING,0.00,0.01%,0.00,0.00200,NORMAL
2026-02-06T18:51:02.639806,Teplice v MFK Karvina,0.39,2.74,31.64%,0.5,PENDING,0.00,0.03%,0.00,0.00200,NORMAL
2026-02-06T18:51:53.621617,Braga v Rio Ave,0.14,9.0,295.07%,0.5,PENDING,0.00,0.00%,0.00,0.00200,NORMAL
2026-02-06T18:51:59.834869,Fiorentina v Torino,0.255,4.0,96.54%,0.5,PENDING,0.00,0.01%,0.00,0.00200,NORMAL
2026-02-06T18:52:03.575039,Audax Italiano v Univ de Concepcion,0.295,3.5,70.98%,0.5,PENDING,0.00,0.01%,0.00,0.00200,NORMAL
2026-02-06T18:52:08.278979,Fatih Karagumruk Istanbul v Antalyaspor,0.305,3.35,64.54%,0.5,PENDING,0.00,0.02%,0.00,0.00200,NORMAL
2026-02-06T18:52:09.383526,Las Palmas v Burgos,0.29,3.5,72.46%,0.5,PENDING,0.00,0.01%,0.00,0.00200,NORMAL
2026-02-06T18:52:13.998768,FC Koln v RB Leipzig,0.485,2.16,4.93%,0.5,PENDING,0.00,0.20%,0.00,0.00200,NORMAL
2026-02-06T18:52:18.325762,St Pauli v Stuttgart,0.255,3.95,95.31%,0.5,PENDING,0.00,0.01%,0.00,0.00200,NORMAL
2026-02-06T18:52:22.253532,Genoa v Napoli,0.205,5.0,144.95%,0.5,PENDING,0.00,0.01%,0.00,0.00200,NORMAL
2026-02-06T18:52:26.714571,Aldosivi v Rosario Central,0.445,2.32,13.51%,0.5,PENDING,0.00,0.07%,0.00,0.00200,NORMAL
2026-02-06T18:52:33.092574,Freiburg v Werder Bremen,0.255,4.1,98.95%,0.5,PENDING,0.00,0.01%,0.00,0.00200,NORMAL
2026-02-06T18:54:00.489063,Indiana Pacers @ Milwaukee Bucks,0.515,2.1,0.38%,0.5,PENDING,0.00,2.64%,0.00,0.00200,NORMAL
2026-02-06T18:54:18.135250,Fulham v Everton,0.255,4.0,96.54%,0.5,PENDING,0.00,0.01%,0.00,0.00200,NORMAL
2026-02-06T18:54:21.600913,Atalanta v US Cremonese,0.1,10.5,407.63%,0.5,PENDING,0.00,0.00%,0.00,0.00200,NORMAL
2026-02-06T18:54:21.808587,Memphis Grizzlies @ Portland Trail Blazers,0.285,5.2,108.13%,0.5,PENDING,0.00,0.01%,0.00,0.00200,NORMAL
2026-02-06T18:54:27.119984,Angers v Toulouse,0.31,3.35,63.20%,0.5,PENDING,0.00,0.02%,0.00,0.00200,NORMAL
2026-02-06T18:54:31.177226,Verona v Pisa,0.315,3.3,60.69%,0.5,PENDING,0.00,0.02%,0.00,0.00200,NORMAL
2026-02-06T18:54:32.378782,Nice v Monaco,0.25,4.2,103.34%,0.5,PENDING,0.00,0.01%,0.00,0.00200,NORMAL
2026-02-06T18:54:36.077509,Barcelona v Mallorca,0.055,19.0,820.40%,0.5,PENDING,0.00,0.00%,0.00,0.00200,NORMAL
2026-02-06T18:54:39.240131,Mainz v Augsburg,0.265,3.85,89.16%,0.5,PENDING,0.00,0.01%,0.00,0.00200,NORMAL
2026-02-06T18:54:41.672801,Elversberg v Hertha Berlin,0.45,2.3,12.39%,0.5,PENDING,0.00,0.08%,0.00,0.00200,NORMAL
2026-02-06T18:54:44.237675,Le Havre v Strasbourg,0.22,4.7,129.27%,0.5,PENDING,0.00,0.01%,0.00,0.00200,NORMAL
2026-02-06T18:54:47.831045,NAC Breda v Excelsior,0.215,4.6,129.44%,0.5,PENDING,0.00,0.01%,0.00,0.00200,NORMAL
2026-02-06T18:54:50.295262,Fortuna Sittard v Sparta Rotterdam,0.285,3.75,79.97%,0.5,PENDING,0.00,0.01%,0.00,0.00200,NORMAL
2026-02-06T18:54:53.093316,Al-Kholood Club v Al-Shabab (KSA),0.245,5.3,128.94%,0.5,PENDING,0.00,0.01%,0.00,0.00200,NORMAL
2026-02-06T18:54:54.491607,Real Sociedad v Elche,0.235,4.3,112.23%,0.5,PENDING,0.00,0.01%,0.00,0.00200,NORMAL
2026-02-06T18:54:56.783405,Union Berlin v Eintracht Frankfurt,0.455,2.22,9.84%,0.5,PENDING,0.00,0.10%,0.00,0.00200,NORMAL
2026-02-06T18:54:58.796239,Auxerre v Paris FC,0.325,3.2,55.80%,0.5,PENDING,0.00,0.02%,0.00,0.00200,NORMAL
2026-02-06T18:54:58.979944,Roma v Cagliari,0.235,4.5,117.05%,0.5,PENDING,0.00,0.01%,0.00,0.00200,NORMAL
2026-02-06T18:55:01.357761,Burnley v West Ham,0.275,3.75,83.27%,0.5,PENDING,0.00,0.01%,0.00,0.00200,NORMAL
2026-02-06T18:55:13.474987,St Etienne v Montpellier,0.24,4.6,116.99%,0.5,PENDING,0.00,0.01%,0.00,0.00200,NORMAL
2026-02-06T18:55:16.897094,Mantova v SSD Bari,0.235,4.4,114.67%,0.5,PENDING,0.00,0.01%,0.00,0.00200,NORMAL
2026-02-06T18:55:19.072647,Burnley v West Ham,0.295,3.45,69.77%,0.5,PENDING,0.00,0.01%,0.00,0.00200,NORMAL
2026-02-06T18:55:21.624333,Teplice v MFK Karvina,0.39,2.72,31.17%,0.5,PENDING,0.00,0.03%,0.00,0.00200,NORMAL
2026-02-06T18:55:30.985270,Braga v Rio Ave,0.14,9.0,295.07%,0.5,PENDING,0.00,0.00%,0.00,0.00200,NORMAL
2026-02-06T18:55:33.516112,Fiorentina v Torino,0.255,4.0,96.54%,0.5,PENDING,0.00,0.01%,0.00,0.00200,NORMAL
2026-02-06T18:55:36.417507,Audax Italiano v Univ de Concepcion,0.295,3.5,70.98%,0.5,PENDING,0.00,0.01%,0.00,0.00200,NORMAL
2026-02-06T18:55:39.113269,Fatih Karagumruk Istanbul v Antalyaspor,0.305,3.35,64.54%,0.5,PENDING,0.00,0.02%,0.00,0.00200,NORMAL
2026-02-06T18:55:39.734585,Las Palmas v Burgos,0.29,3.5,72.46%,0.5,PENDING,0.00,0.01%,0.00,0.00200,NORMAL
2026-02-06T18:55:42.570219,FC Koln v RB Leipzig,0.485,2.16,4.93%,0.5,PENDING,0.00,0.20%,0.00,0.00200,NORMAL
2026-02-06T18:55:47.150788,St Pauli v Stuttgart,0.255,3.95,95.31%,0.5,PENDING,0.00,0.01%,0.00,0.00200,NORMAL
2026-02-06T18:55:50.952262,Genoa v Napoli,0.205,5.0,144.95%,0.5,PENDING,0.00,0.01%,0.00,0.00200,NORMAL
2026-02-06T18:55:55.582627,Aldosivi v Rosario Central,0.45,2.32,12.87%,0.5,PENDING,0.00,0.08%,0.00,0.00200,NORMAL
2026-02-06T18:56:04.812097,Freiburg v Werder Bremen,0.255,4.1,98.95%,0.5,PENDING,0.00,0.01%,0.00,0.00200,NORMAL
2026-02-06T18:56:56.987159,Indiana Pacers @ Milwaukee Bucks,0.515,2.1,0.38%,0.5,PENDING,0.00,2.64%,0.00,0.00200,NORMAL
2026-02-06T18:57:12.353513,Fulham v Everton,0.255,4.0,96.54%,0.5,PENDING,0.00,0.01%,0.00,0.00200,NORMAL
2026-02-06T18:57:14.955306,Atalanta v US Cremonese,0.1,10.5,407.63%,0.5,PENDING,0.00,0.00%,0.00,0.00200,NORMAL
2026-02-06T18:57:15.052385,Memphis Grizzlies @ Portland Trail Blazers,0.285,5.2,108.13%,0.5,PENDING,0.00,0.01%,0.00,0.00200,NORMAL
2026-02-06T18:57:15.613461,Angers v Toulouse,0.31,3.35,63.20%,0.5,PENDING,0.00,0.02%,0.00,0.00200,NORMAL
2026-02-06T18:57:17.678128,Verona v Pisa,0.315,3.3,60.69%,0.5,PENDING,0.00,0.02%,0.00,0.00200,NORMAL
2026-02-06T18:57:19.140573,Nice v Monaco,0.25,4.2,103.34%,0.5,PENDING,0.00,0.01%,0.00,0.00200,NORMAL
2026-02-06T18:57:24.798086,Barcelona v Mallorca,0.055,19.0,820.40%,0.5,PENDING,0.00,0.00%,0.00,0.00200,NORMAL
2026-02-06T18:57:29.016390,Mainz v Augsburg,0.265,3.85,89.16%,0.5,PENDING,0.00,0.01%,0.00,0.00200,NORMAL
2026-02-06T18:57:33.553075,Elversberg v Hertha Berlin,0.45,2.3,12.39%,0.5,PENDING,0.00,0.08%,0.00,0.00200,NORMAL
2026-02-06T18:57:36.668195,Le Havre v Strasbourg,0.22,4.7,129.27%,0.5,PENDING,0.00,0.01%,0.00,0.00200,NORMAL
2026-02-06T18:57:42.985866,NAC Breda v Excelsior,0.215,4.7,131.93%,0.5,PENDING,0.00,0.01%,0.00,0.00200,NORMAL
2026-02-06T18:57:46.616669,Fortuna Sittard v Sparta Rotterdam,0.285,3.75,79.97%,0.5,PENDING,0.00,0.01%,0.00,0.00200,NORMAL
2026-02-06T18:57:51.855589,Al-Kholood Club v Al-Shabab (KSA),0.245,5.3,128.94%,0.5,PENDING,0.00,0.01%,0.00,0.00200,NORMAL
2026-02-06T18:57:53.925949,Real Sociedad v Elche,0.235,4.3,112.23%,0.5,PENDING,0.00,0.01%,0.00,0.00200,NORMAL
2026-02-06T18:57:56.912281,Union Berlin v Eintracht Frankfurt,0.455,2.24,10.32%,0.5,PENDING,0.00,0.10%,0.00,0.00200,NORMAL
2026-02-06T18:58:00.175069,Auxerre v Paris FC,0.325,3.2,55.80%,0.5,PENDING,0.00,0.02%,0.00,0.00200,NORMAL
2026-02-06T18:58:00.384514,Roma v Cagliari,0.235,4.5,117.05%,0.5,PENDING,0.00,0.01%,0.00,0.00200,NORMAL
2026-02-06T18:58:03.328977,Burnley v West Ham,0.275,3.75,83.27%,0.5,PENDING,0.00,0.01%,0.00,0.00200,NORMAL
2026-02-06T18:58:43.498565,St Etienne v Montpellier,0.24,4.6,116.99%,0.5,PENDING,0.00,0.01%,0.00,0.00200,NORMAL
2026-02-06T18:58:51.315717,Mantova v SSD Bari,0.235,4.4,114.67%,0.5,PENDING,0.00,0.01%,0.00,0.00200,NORMAL
2026-02-06T18:58:54.229104,Burnley v West Ham,0.295,3.45,69.77%,0.5,PENDING,0.00,0.01%,0.00,0.00200,NORMAL
2026-02-06T18:58:58.496444,Teplice v MFK Karvina,0.39,2.72,31.17%,0.5,PENDING,0.00,0.03%,0.00,0.00200,NORMAL
2026-02-06T18:59:18.831661,Braga v Rio Ave,0.14,9.0,295.07%,0.5,PENDING,0.00,0.00%,0.00,0.00200,NORMAL
2026-02-06T18:59:32.376128,Fiorentina v Torino,0.255,4.0,96.54%,0.5,PENDING,0.00,0.01%,0.00,0.00200,NORMAL
2026-02-06T18:59:38.492263,Audax Italiano v Univ de Concepcion,0.285,3.5,73.96%,0.5,PENDING,0.00,0.01%,0.00,0.00200,NORMAL
2026-02-06T18:59:49.472884,Fatih Karagumruk Istanbul v Antalyaspor,0.305,3.35,64.54%,0.5,PENDING,0.00,0.02%,0.00,0.00200,NORMAL
2026-02-06T18:59:50.590542,VERIFY_Fulham v Everton,,2.24,,,HIGH_VOLATILITY_RISK,,,0.4400,,HIGH_VOLATILITY_RISK
2026-02-06T18:59:50.664927,Las Palmas v Burgos,0.29,3.5,72.46%,0.5,PENDING,0.00,0.01%,0.00,0.00200,NORMAL
2026-02-06T19:00:01.984083,VERIFY_Atalanta v US Cremonese,,1.41,,,HIGH_VOLATILITY_RISK,,,0.8657,,HIGH_VOLATILITY_RISK
2026-02-06T19:00:02.069618,VERIFY_Memphis Grizzlies @ Portland Trail Blazers,,4.2,,,DATA_LOGGED,,,0.1923,,DATA_LOGGED
2026-02-06T19:00:02.177436,VERIFY_Angers v Toulouse,,2.38,,,DATA_LOGGED,,,0.2896,,DATA_LOGGED
2026-02-06T19:00:02.185742,St Pauli v Stuttgart,0.255,3.95,95.31%,0.5,PENDING,0.00,0.01%,0.00,0.00200,NORMAL
2026-02-06T19:00:07.045853,VERIFY_Verona v Pisa,,2.7,,,DATA_LOGGED,,,0.1818,,DATA_LOGGED
2026-02-06T19:00:07.050213,Genoa v Napoli,0.205,5.0,144.95%,0.5,PENDING,0.00,0.01%,0.00,0.00200,NORMAL
2026-02-06T19:00:12.446639,VERIFY_Nice v Monaco,,2.3,,,HIGH_VOLATILITY_RISK,,,0.4524,,HIGH_VOLATILITY_RISK
2026-02-06T19:00:12.798383,VERIFY_Barcelona v Mallorca,,1.18,,,HIGH_VOLATILITY_RISK,,,0.9379,,HIGH_VOLATILITY_RISK
2026-02-06T19:00:13.129396,VERIFY_Mainz v Augsburg,,2.14,,,HIGH_VOLATILITY_RISK,,,0.4442,,HIGH_VOLATILITY_RISK
2026-02-06T19:00:13.147993,Aldosivi v Rosario Central,0.45,2.32,12.87%,0.5,PENDING,0.00,0.08%,0.00,0.00200,NORMAL
2026-02-06T19:00:24.808041,VERIFY_Elversberg v Hertha Berlin,,2.3,,,DATA_LOGGED,,,0.0000,,DATA_LOGGED
2026-02-06T19:00:24.912862,VERIFY_Le Havre v Strasbourg,,1.95,,,HIGH_VOLATILITY_RISK,,,0.5851,,HIGH_VOLATILITY_RISK
2026-02-06T19:00:24.989313,VERIFY_Fortuna Sittard v Sparta Rotterdam,,2.68,,,DATA_LOGGED,,,0.2853,,DATA_LOGGED
2026-02-06T19:00:25.041052,Freiburg v Werder Bremen,0.255,4.1,98.95%,0.5,PENDING,0.00,0.01%,0.00,0.00200,NORMAL
2026-02-06T19:00:27.478634,VERIFY_NAC Breda v Excelsior,,1.98,,,HIGH_VOLATILITY_RISK,,,0.6040,,HIGH_VOLATILITY_RISK
2026-02-06T19:00:37.752179,VERIFY_Al-Kholood Club v Al-Shabab (KSA),,2.22,,,HIGH_VOLATILITY_RISK,,,0.5811,,HIGH_VOLATILITY_RISK
2026-02-06T19:00:37.826781,VERIFY_Real Sociedad v Elche,,1.7,,,HIGH_VOLATILITY_RISK,,,0.6047,,HIGH_VOLATILITY_RISK
2026-02-06T19:00:38.138064,VERIFY_Union Berlin v Eintracht Frankfurt,,2.24,,,DATA_LOGGED,,,0.0090,,DATA_LOGGED
2026-02-06T19:00:38.217049,VERIFY_Auxerre v Paris FC,,2.66,,,DATA_LOGGED,,,0.1688,,DATA_LOGGED
2026-02-06T19:00:38.296309,VERIFY_Roma v Cagliari,,1.58,,,HIGH_VOLATILITY_RISK,,,0.6489,,HIGH_VOLATILITY_RISK
2026-02-06T19:00:38.375251,VERIFY_Burnley v West Ham,,2.36,,,HIGH_VOLATILITY_RISK,,,0.3707,,HIGH_VOLATILITY_RISK
2026-02-06T19:00:38.452378,VERIFY_St Etienne v Montpellier,,2.22,,,HIGH_VOLATILITY_RISK,,,0.5174,,HIGH_VOLATILITY_RISK
2026-02-06T19:00:38.533002,VERIFY_Mantova v SSD Bari,,2.28,,,HIGH_VOLATILITY_RISK,,,0.4818,,HIGH_VOLATILITY_RISK
2026-02-06T19:00:38.611583,VERIFY_Burnley v West Ham,,2.36,,,HIGH_VOLATILITY_RISK,,,0.3159,,HIGH_VOLATILITY_RISK
2026-02-06T19:00:38.686877,VERIFY_Teplice v MFK Karvina,,2.72,,,DATA_LOGGED,,,0.0000,,DATA_LOGGED
2026-02-06T19:01:38.872632,VERIFY_Braga v Rio Ave,,1.3,,,HIGH_VOLATILITY_RISK,,,0.8556,,HIGH_VOLATILITY_RISK
2026-02-06T19:01:38.951250,VERIFY_Fiorentina v Torino,,1.79,,,HIGH_VOLATILITY_RISK,,,0.5525,,HIGH_VOLATILITY_RISK
2026-02-06T19:01:39.028142,VERIFY_Audax Italiano v Univ de Concepcion,,2.48,,,DATA_LOGGED,,,0.2914,,DATA_LOGGED
2026-02-06T19:01:39.126687,VERIFY_Fatih Karagumruk Istanbul v Antalyaspor,,2.5,,,DATA_LOGGED,,,0.2537,,DATA_LOGGED
2026-02-06T19:01:39.214382,VERIFY_Las Palmas v Burgos,,1.97,,,HIGH_VOLATILITY_RISK,,,0.4371,,HIGH_VOLATILITY_RISK
2026-02-06T19:01:39.314130,VERIFY_FC Koln v RB Leipzig,,2.16,,,DATA_LOGGED,,,0.0000,,DATA_LOGGED
2026-02-06T19:01:39.390493,VERIFY_St Pauli v Stuttgart,,1.91,,,HIGH_VOLATILITY_RISK,,,0.5165,,HIGH_VOLATILITY_RISK
2026-02-06T19:01:39.483840,VERIFY_Indiana Pacers @ Milwaukee Bucks,,1.98,,,DATA_LOGGED,,,0.0388,,DATA_LOGGED
2026-02-06T19:01:39.564444,VERIFY_Genoa v Napoli,,2.08,,,HIGH_VOLATILITY_RISK,,,0.5840,,HIGH_VOLATILITY_RISK
2026-02-06T19:01:39.655895,VERIFY_Aldosivi v Rosario Central,,2.32,,,DATA_LOGGED,,,0.0000,,DATA_LOGGED
2026-02-06T19:01:39.735306,VERIFY_Freiburg v Werder Bremen,,1.95,,,HIGH_VOLATILITY_RISK,,,0.5244,,HIGH_VOLATILITY_RISK
2026-02-06T19:01:39.811544,VERIFY_Fulham v Everton,,2.24,,,HIGH_VOLATILITY_RISK,,,0.4400,,HIGH_VOLATILITY_RISK
2026-02-06T19:01:39.889079,VERIFY_Atalanta v US Cremonese,,1.41,,,HIGH_VOLATILITY_RISK,,,0.8657,,HIGH_VOLATILITY_RISK
2026-02-06T19:01:39.970452,VERIFY_Memphis Grizzlies @ Portland Trail Blazers,,4.2,,,DATA_LOGGED,,,0.1923,,DATA_LOGGED
2026-02-06T19:01:40.057117,VERIFY_Angers v Toulouse,,2.38,,,DATA_LOGGED,,,0.2896,,DATA_LOGGED
2026-02-06T19:01:40.134902,VERIFY_Verona v Pisa,,2.7,,,DATA_LOGGED,,,0.1818,,DATA_LOGGED
2026-02-06T19:01:40.216541,VERIFY_Nice v Monaco,,2.3,,,HIGH_VOLATILITY_RISK,,,0.4524,,HIGH_VOLATILITY_RISK
2026-02-06T19:01:40.329135,VERIFY_Barcelona v Mallorca,,1.19,,,HIGH_VOLATILITY_RISK,,,0.9374,,HIGH_VOLATILITY_RISK
2026-02-06T19:01:40.406344,VERIFY_Mainz v Augsburg,,2.14,,,HIGH_VOLATILITY_RISK,,,0.4442,,HIGH_VOLATILITY_RISK
2026-02-06T19:01:40.481488,VERIFY_Elversberg v Hertha Berlin,,2.3,,,DATA_LOGGED,,,0.0000,,DATA_LOGGED
2026-02-06T19:01:40.575447,VERIFY_Le Havre v Strasbourg,,1.95,,,HIGH_VOLATILITY_RISK,,,0.5851,,HIGH_VOLATILITY_RISK
2026-02-06T19:01:40.657245,VERIFY_Fortuna Sittard v Sparta Rotterdam,,2.68,,,DATA_LOGGED,,,0.2853,,DATA_LOGGED
2026-02-06T19:01:40.735241,VERIFY_NAC Breda v Excelsior,,1.98,,,HIGH_VOLATILITY_RISK,,,0.5959,,HIGH_VOLATILITY_RISK
2026-02-06T19:01:40.810122,VERIFY_Al-Kholood Club v Al-Shabab (KSA),,2.22,,,HIGH_VOLATILITY_RISK,,,0.5811,,HIGH_VOLATILITY_RISK
2026-02-06T19:01:40.884307,VERIFY_Real Sociedad v Elche,,1.7,,,HIGH_VOLATILITY_RISK,,,0.6047,,HIGH_VOLATILITY_RISK
2026-02-06T19:01:40.959910,VERIFY_Union Berlin v Eintracht Frankfurt,,2.24,,,DATA_LOGGED,,,0.0090,,DATA_LOGGED
2026-02-06T19:01:41.037573,VERIFY_Auxerre v Paris FC,,2.66,,,DATA_LOGGED,,,0.1688,,DATA_LOGGED
2026-02-06T19:01:41.117877,VERIFY_Roma v Cagliari,,1.58,,,HIGH_VOLATILITY_RISK,,,0.6489,,HIGH_VOLATILITY_RISK
2026-02-06T19:01:41.200829,VERIFY_Burnley v West Ham,,2.36,,,HIGH_VOLATILITY_RISK,,,0.3707,,HIGH_VOLATILITY_RISK
2026-02-06T19:02:08.810932,Fulham v Everton,0.255,4.0,96.54%,0.5,PENDING,0.00,0.01%,0.00,0.00200,NORMAL
2026-02-06T19:02:11.420188,St Etienne v Montpellier,0.25,4.6,112.38%,0.5,PENDING,0.00,0.01%,0.00,0.00200,NORMAL
2026-02-06T19:02:12.051423,Memphis Grizzlies @ Portland Trail Blazers,0.285,5.2,108.13%,0.5,PENDING,0.00,0.01%,0.00,0.00200,NORMAL
2026-02-06T19:02:14.090494,Atalanta v US Cremonese,0.1,10.5,407.63%,0.5,PENDING,0.00,0.00%,0.00,0.00200,NORMAL
2026-02-06T19:02:15.520557,Angers v Toulouse,0.31,3.35,63.20%,0.5,PENDING,0.00,0.02%,0.00,0.00200,NORMAL
2026-02-06T19:02:18.980201,Verona v Pisa,0.315,3.3,60.69%,0.5,PENDING,0.00,0.02%,0.00,0.00200,NORMAL
2026-02-06T19:02:21.089446,Nice v Monaco,0.25,4.2,103.34%,0.5,PENDING,0.00,0.01%,0.00,0.00200,NORMAL
2026-02-06T19:02:25.433106,Barcelona v Mallorca,0.055,19.0,820.40%,0.5,PENDING,0.00,0.00%,0.00,0.00200,NORMAL
2026-02-06T19:02:27.371058,Mainz v Augsburg,0.265,3.85,89.16%,0.5,PENDING,0.00,0.01%,0.00,0.00200,NORMAL
2026-02-06T19:02:31.413328,Le Havre v Strasbourg,0.22,4.7,129.27%,0.5,PENDING,0.00,0.01%,0.00,0.00200,NORMAL
2026-02-06T19:02:36.422476,NAC Breda v Excelsior,0.225,4.7,126.67%,0.5,PENDING,0.00,0.01%,0.00,0.00200,NORMAL
2026-02-06T19:02:41.173469,Fortuna Sittard v Sparta Rotterdam,0.285,3.75,79.97%,0.5,PENDING,0.00,0.01%,0.00,0.00200,NORMAL
2026-02-06T19:02:46.913604,Al-Kholood Club v Al-Shabab (KSA),0.245,5.3,128.94%,0.5,PENDING,0.00,0.01%,0.00,0.00200,NORMAL
2026-02-06T19:02:48.453095,VERIFY_St Etienne v Montpellier,,2.22,,,HIGH_VOLATILITY_RISK,,,0.5174,,HIGH_VOLATILITY_RISK
2026-02-06T19:02:48.528093,Real Sociedad v Elche,0.235,4.3,112.23%,0.5,PENDING,0.00,0.01%,0.00,0.00200,NORMAL
2026-02-06T19:02:51.473221,VERIFY_Mantova v SSD Bari,,2.28,,,HIGH_VOLATILITY_RISK,,,0.4818,,HIGH_VOLATILITY_RISK
2026-02-06T19:02:51.549042,VERIFY_Burnley v West Ham,,2.36,,,HIGH_VOLATILITY_RISK,,,0.3159,,HIGH_VOLATILITY_RISK
2026-02-06T19:02:51.555409,Union Berlin v Eintracht Frankfurt,0.455,2.24,10.32%,0.5,PENDING,0.00,0.10%,0.00,0.00200,NORMAL
2026-02-06T19:02:55.554940,VERIFY_Teplice v MFK Karvina,,2.72,,,DATA_LOGGED,,,0.0000,,DATA_LOGGED
2026-02-06T19:02:55.559119,Auxerre v Paris FC,0.325,3.2,55.80%,0.5,PENDING,0.00,0.02%,0.00,0.00200,NORMAL
2026-02-06T19:02:58.186615,VERIFY_Braga v Rio Ave,,1.3,,,HIGH_VOLATILITY_RISK,,,0.8556,,HIGH_VOLATILITY_RISK
2026-02-06T19:02:59.095964,VERIFY_Fiorentina v Torino,,1.79,,,HIGH_VOLATILITY_RISK,,,0.5525,,HIGH_VOLATILITY_RISK
2026-02-06T19:02:59.114073,Roma v Cagliari,0.235,4.5,117.05%,0.5,PENDING,0.00,0.01%,0.00,0.00200,NORMAL
2026-02-06T19:02:59.223297,VERIFY_Audax Italiano v Univ de Concepcion,,2.48,,,DATA_LOGGED,,,0.2914,,DATA_LOGGED
2026-02-06T19:02:59.232491,Burnley v West Ham,0.275,3.75,83.27%,0.5,PENDING,0.00,0.01%,0.00,0.00200,NORMAL
2026-02-06T19:03:02.790170,VERIFY_Fatih Karagumruk Istanbul v Antalyaspor,,2.5,,,DATA_LOGGED,,,0.2537,,DATA_LOGGED
2026-02-06T19:03:02.794218,Indiana Pacers @ Milwaukee Bucks,0.515,2.1,0.38%,0.5,PENDING,0.00,2.64%,0.00,0.00200,NORMAL
2026-02-06T19:03:12.611610,VERIFY_Las Palmas v Burgos,,1.97,,,HIGH_VOLATILITY_RISK,,,0.4371,,HIGH_VOLATILITY_RISK
